interval,chronos_samples,timesfm_samples,t_statistic,p_value
5M,82,70,-0.5761863266136883,0.5654102343679488
15M,24,12,-0.26912088848982085,0.790869597153218
1H,60,48,-1.8964317212010373,0.06079729586758563
